Epoch,Loss,Cost,Advantage,Time
0,-16.757339477539062,-19.15868377685547,0.1704256534576416,2.6713669300079346
1,64.62592315673828,-17.841064453125,-0.9231715202331543,5.111936092376709
2,137.61952209472656,-17.089832305908203,-1.9796142578125,7.797162055969238
3,171.93759155273438,-16.195363998413086,-2.531802177429199,10.206482887268066
4,207.96029663085938,-15.49509048461914,-3.1921510696411133,12.792622804641724
5,245.4853515625,-14.998050689697266,-3.9245901107788086,15.258777856826782
6,262.68853759765625,-14.437970161437988,-4.395059585571289,17.822870016098022
7,283.8872985839844,-14.028864860534668,-4.8964643478393555,20.213993072509766
8,285.6514892578125,-13.388357162475586,-5.163954257965088,22.703205823898315
9,289.0160217285156,-13.059234619140625,-5.437345504760742,25.148728132247925
10,298.12286376953125,-13.03770923614502,-5.923940658569336,27.56721305847168
11,283.17730712890625,-12.658641815185547,-5.82254695892334,30.029292106628418
12,285.1296691894531,-12.447017669677734,-6.016654014587402,32.40720582008362
13,272.44732666015625,-12.461382865905762,-6.034801006317139,34.89392113685608
14,266.6407470703125,-12.240466117858887,-6.039080619812012,37.26849889755249
15,278.82098388671875,-12.064627647399902,-6.493986129760742,39.618382930755615
16,259.7918395996094,-12.148946762084961,-6.2713117599487305,41.808615922927856
17,239.17225646972656,-12.257207870483398,-5.905327320098877,44.1570098400116
18,235.99026489257812,-12.215221405029297,-5.96104097366333,46.325725078582764
19,216.2411651611328,-12.279722213745117,-5.4870429039001465,48.51918387413025
20,197.17054748535156,-12.372941970825195,-5.12177038192749,50.761576890945435
21,192.830078125,-12.30902099609375,-5.132143974304199,52.94029116630554
22,190.35838317871094,-12.100412368774414,-5.157522201538086,55.19917297363281
23,178.46165466308594,-11.928500175476074,-4.932287216186523,57.372721910476685
24,187.37686157226562,-11.690271377563477,-5.276876449584961,59.622907876968384
25,167.52001953125,-11.74162769317627,-4.789003372192383,61.783365964889526
26,149.18524169921875,-11.884672164916992,-4.37636661529541,64.03407311439514
27,154.61465454101562,-11.658695220947266,-4.519266128540039,66.21495294570923
28,153.80929565429688,-11.650272369384766,-4.557901382446289,68.40459084510803
29,155.29495239257812,-11.61097240447998,-4.734788417816162,70.59451079368591
30,100.25953674316406,-11.625666618347168,-3.0419955253601074,72.62832593917847
31,102.1264877319336,-11.65191650390625,-3.110996723175049,74.80786108970642
32,96.54925537109375,-11.781558990478516,-2.9492735862731934,76.93131017684937
33,100.13916778564453,-11.83275032043457,-3.1118056774139404,79.12946200370789
34,98.94309997558594,-11.62366008758545,-3.064354658126831,81.19615316390991
35,98.7831039428711,-11.687119483947754,-3.0609068870544434,83.39208912849426
36,95.60768127441406,-11.863476753234863,-2.930314779281616,85.50613403320312
37,94.35003662109375,-11.803696632385254,-2.948315382003784,87.72542595863342
38,93.08849334716797,-11.85687255859375,-2.923069953918457,89.79839706420898
39,91.65198516845703,-11.691503524780273,-2.8415136337280273,91.94650506973267
40,95.75263977050781,-11.96114730834961,-3.007950782775879,93.99719095230103
41,94.67060852050781,-11.934895515441895,-3.0238685607910156,96.14914894104004
42,94.09149169921875,-11.892837524414062,-3.0403857231140137,98.35291385650635
43,95.71340942382812,-11.68761157989502,-3.0747480392456055,100.41510105133057
44,93.95932006835938,-11.863301277160645,-3.0122692584991455,102.5761821269989
45,96.79086303710938,-11.621767044067383,-3.0999081134796143,104.63236904144287
46,97.14396667480469,-11.684211730957031,-3.1437530517578125,106.8090980052948
47,102.40602111816406,-11.543651580810547,-3.2723212242126465,108.85607099533081
48,91.87948608398438,-11.687129974365234,-2.9722201824188232,111.05598902702332
49,92.34054565429688,-11.614639282226562,-3.0051329135894775,113.06895804405212
50,101.0814208984375,-11.493683815002441,-3.301750659942627,115.17924904823303
51,102.08610534667969,-11.555261611938477,-3.253190517425537,117.34147787094116
52,-0.3629119396209717,-11.631315231323242,-0.03455721214413643,119.37327313423157
53,1.711343765258789,-11.677427291870117,-0.07354970276355743,121.48628401756287
54,-0.5831981897354126,-11.613004684448242,-0.027042753994464874,123.51265001296997
55,1.5527523756027222,-11.624007225036621,-0.09107130765914917,125.6148030757904
56,-0.4909570813179016,-11.658626556396484,-0.015183527022600174,127.57989621162415
57,2.207667112350464,-11.760478973388672,-0.10140115022659302,129.73082089424133
58,4.2866106033325195,-11.484121322631836,-0.1767101287841797,131.6825349330902
59,2.199974775314331,-11.557588577270508,-0.1122213825583458,133.75637793540955
60,3.957475423812866,-11.468131065368652,-0.17712697386741638,135.75537204742432
61,1.0844600200653076,-11.72055435180664,-0.06832873821258545,137.87021899223328
62,-2.236290454864502,-11.683014869689941,0.04149891808629036,139.8383481502533
63,0.6954917311668396,-11.61319351196289,-0.04875877499580383,141.99836897850037
64,3.793717861175537,-11.33346939086914,-0.1543465405702591,144.15141415596008
65,-0.6360483169555664,-11.587617874145508,-0.018022753298282623,146.14629411697388
66,-1.3499282598495483,-11.510503768920898,0.01942579448223114,148.31064987182617
67,1.6679795980453491,-11.457382202148438,-0.06139124929904938,150.29936909675598
68,0.5828845500946045,-11.245321273803711,-0.06114894524216652,152.40618705749512
69,5.1924896240234375,-11.212420463562012,-0.19522476196289062,154.49408197402954
70,-4.9814558029174805,-11.22691535949707,0.1135873943567276,156.69871497154236
71,-1.3408126831054688,-11.20145034790039,0.0067391544580459595,158.73746418952942
72,2.1933887004852295,-11.273978233337402,-0.0979926586151123,160.8978660106659
73,-1.5610390901565552,-11.276901245117188,0.03818637877702713,163.11248421669006
74,-0.4971437454223633,-11.171564102172852,-0.019003361463546753,165.24478697776794
75,-2.211879253387451,-11.223438262939453,0.03656551614403725,167.47639203071594
76,0.8450009822845459,-11.041360855102539,-0.04368440434336662,169.54504299163818
77,-0.143435537815094,-11.149486541748047,-0.03087562695145607,171.73077416419983
78,0.08132559061050415,-11.254859924316406,-0.024646200239658356,173.86022305488586
79,1.8432343006134033,-11.196745872497559,-0.08906429260969162,176.0347719192505
80,3.911766290664673,-11.214341163635254,-0.14043457806110382,178.08129596710205
81,-0.8000876903533936,-11.14119815826416,0.006540704518556595,180.27533602714539
82,0.8830468654632568,-11.313657760620117,-0.06849496066570282,182.34547591209412
83,0.689651608467102,-11.171801567077637,-0.04972944036126137,184.45162510871887
84,0.05347287654876709,-11.332371711730957,-0.04664954915642738,186.5305690765381
85,0.06908708810806274,-11.177555084228516,-0.04731138423085213,188.80122709274292
86,-1.3462164402008057,-11.268875122070312,0.00829889252781868,190.99517488479614
87,-0.464210569858551,-11.10472583770752,-0.017604850232601166,193.08897805213928
88,-0.7301989197731018,-11.041890144348145,-0.02614763006567955,195.23116493225098
89,-1.7440260648727417,-11.089133262634277,0.022514156997203827,197.2963080406189
90,0.6135988831520081,-11.153759002685547,-0.04887213185429573,199.55019807815552
91,1.359306812286377,-11.119417190551758,-0.07875121384859085,201.5903069972992
92,-1.2207791805267334,-11.14389705657959,-0.013626538217067719,203.72866415977478
93,-0.9148077964782715,-11.17935848236084,-0.01070142537355423,205.81471490859985
94,-1.0248136520385742,-11.166973114013672,-0.022070422768592834,207.99442410469055
95,-1.1224091053009033,-10.993452072143555,0.003168441355228424,210.1875970363617
96,-0.880436360836029,-11.116207122802734,0.016345035284757614,212.22274589538574
97,-4.180865287780762,-11.059098243713379,0.10411059856414795,214.42551803588867
98,-3.238288164138794,-11.134268760681152,0.05460367351770401,216.45472598075867
99,-1.4490476846694946,-11.182083129882812,0.010924380272626877,218.58607006072998
100,2.128934144973755,-11.212715148925781,-0.09389671683311462,220.67732787132263
101,3.548186779022217,-10.883295059204102,-0.14252258837223053,222.87723398208618
102,-0.9944289922714233,-11.190437316894531,-0.015519563108682632,224.90234804153442
103,-0.7387924790382385,-11.244101524353027,-0.01975172385573387,227.0648169517517
104,-1.316417932510376,-11.128524780273438,0.006247438490390778,229.13779401779175
105,-1.7470159530639648,-11.038591384887695,0.019366268068552017,231.2998127937317
106,-0.2370653748512268,-11.055935859680176,-0.03441297635436058,233.27735495567322
107,-2.2442336082458496,-11.11825180053711,0.02757226675748825,235.49226808547974
108,0.0791272521018982,-11.079294204711914,-0.029017463326454163,237.6641879081726
109,-0.01269608736038208,-11.149446487426758,-0.033437103033065796,239.7719931602478
110,1.4251983165740967,-11.092317581176758,-0.08401432633399963,241.94854497909546
111,-2.610534429550171,-11.095003128051758,0.038218121975660324,243.991290807724
112,-0.386077880859375,-11.17186164855957,-0.028009016066789627,246.10846400260925
113,-5.162818431854248,-11.238550186157227,0.13599954545497894,248.2130901813507
114,-5.1665849685668945,-11.250249862670898,0.1358853578567505,250.41843581199646
115,0.031658172607421875,-10.999876022338867,-0.03680504113435745,252.48710989952087
116,-0.9731576442718506,-11.204927444458008,0.0059608034789562225,254.65790605545044
117,-0.8050413131713867,-11.14434814453125,-0.02112237736582756,256.8099148273468
118,2.218529224395752,-10.946357727050781,-0.09729085117578506,258.8183710575104
119,0.03696763515472412,-11.089584350585938,-0.032269127666950226,261.01037192344666
120,0.8971697092056274,-10.81055736541748,-0.06305941194295883,263.0493640899658
121,0.9048405885696411,-11.084882736206055,-0.05752269923686981,265.17412400245667
122,3.9904093742370605,-11.051909446716309,-0.17661422491073608,267.21974205970764
123,2.627924919128418,-10.92136001586914,-0.13597962260246277,269.39540100097656
124,1.506902813911438,-11.026634216308594,-0.08877502381801605,271.3903880119324
125,0.4530118405818939,-11.011907577514648,-0.059975601732730865,273.5407910346985
126,3.630194664001465,-10.886727333068848,-0.15889282524585724,275.55635690689087
127,-0.37317585945129395,-11.066183090209961,-0.027872003614902496,277.61976981163025
128,-1.7505412101745605,-10.914039611816406,0.018210379406809807,279.60876297950745
129,1.7221379280090332,-10.759249687194824,-0.08454984426498413,281.72993898391724
130,-1.2237703800201416,-10.955879211425781,0.017829569056630135,283.81831884384155
131,-0.6197942495346069,-10.978254318237305,0.001982666552066803,285.856027841568
132,-0.10471034049987793,-10.911264419555664,-0.022217558696866035,287.9506571292877
133,2.826735734939575,-10.836816787719727,-0.1402387022972107,289.902174949646
134,-0.2768580913543701,-10.746293067932129,-0.03142376244068146,292.04052090644836
135,-1.2982323169708252,-10.826766967773438,-0.005501503124833107,294.0548269748688
136,-0.9351279139518738,-10.931346893310547,-0.002047976478934288,296.1961660385132
137,3.7508738040924072,-10.902704238891602,-0.16003629565238953,298.23284697532654
138,2.848845958709717,-10.720682144165039,-0.1372145414352417,300.3029909133911
139,0.278774619102478,-10.855833053588867,-0.033960312604904175,302.3793840408325
140,-1.4016226530075073,-10.785048484802246,0.017047232016921043,304.4227879047394
141,-1.1237142086029053,-10.94781494140625,0.0027917101979255676,306.54906702041626
142,-1.1831333637237549,-10.736026763916016,-0.006948061287403107,308.49858593940735
143,0.9331774115562439,-10.896164894104004,-0.06919984519481659,310.66005301475525
144,2.5816545486450195,-10.81140422821045,-0.1345752328634262,312.7953391075134
145,-1.8271324634552002,-10.863162994384766,0.029550399631261826,314.9191188812256
146,2.5287373065948486,-10.773178100585938,-0.13360466063022614,317.01758909225464
147,0.349226713180542,-10.610071182250977,-0.046833693981170654,319.1253151893616
148,-2.127902030944824,-10.801521301269531,0.04752039909362793,321.103618144989
149,1.531398057937622,-10.956201553344727,-0.09499478340148926,323.25763511657715
150,-0.5673476457595825,-10.697094917297363,-0.017854277044534683,325.26447010040283
151,-0.9274691939353943,-10.856184959411621,-0.012912698090076447,327.36197304725647
152,0.3584132790565491,-10.724153518676758,-0.04154486581683159,329.5459690093994
153,-0.8357416391372681,-10.73564624786377,0.004506133496761322,331.6687800884247
154,1.8368779420852661,-10.80254077911377,-0.10692720115184784,333.84398007392883
155,3.1668453216552734,-10.815638542175293,-0.14394491910934448,335.9094491004944
156,-2.670910358428955,-10.94804573059082,0.04344239830970764,338.051157951355
157,-4.478339195251465,-10.983514785766602,0.10221385955810547,340.06114411354065
158,-3.5840277671813965,-10.944652557373047,0.0912429541349411,342.2622630596161
159,-2.6939005851745605,-10.938758850097656,0.052275221794843674,344.3290538787842
160,-4.451626777648926,-10.815788269042969,0.1262534111738205,346.43711495399475
161,-2.212231159210205,-11.096396446228027,0.053447186946868896,348.5726239681244
162,-1.4321770668029785,-10.814769744873047,0.006742103025317192,350.5771300792694
163,0.9613239169120789,-10.83871841430664,-0.06668712943792343,352.6905059814453
164,-0.8135047554969788,-10.877809524536133,0.00864039734005928,354.7869040966034
165,0.5062070488929749,-10.692193984985352,-0.06290610134601593,356.9749779701233
166,-0.05737525224685669,-10.842941284179688,-0.03418496251106262,358.988981962204
167,2.2585220336914062,-10.806931495666504,-0.13608118891716003,361.14894795417786
168,0.34972476959228516,-10.711350440979004,-0.07211656123399734,363.0957260131836
169,1.0460866689682007,-10.884495735168457,-0.07414770871400833,365.1875457763672
170,3.338587522506714,-10.738134384155273,-0.17386330664157867,367.2288990020752
171,0.7846643328666687,-10.81779670715332,-0.06175655871629715,369.4021580219269
172,1.5979493856430054,-10.619438171386719,-0.10033931583166122,371.4004979133606
173,-1.0257493257522583,-10.75852108001709,-0.011727869510650635,373.5681710243225
174,-0.5907739996910095,-10.797257423400879,-0.018755419179797173,375.745609998703
175,0.03632962703704834,-10.672319412231445,-0.031058520078659058,377.80137395858765
176,1.3693959712982178,-10.835052490234375,-0.09696507453918457,379.96996903419495
177,-2.1731479167938232,-10.622920989990234,0.052231140434741974,381.9496388435364
178,-1.454845666885376,-10.649215698242188,0.02363845705986023,383.99521112442017
179,-0.4839441180229187,-10.599048614501953,-0.021664811298251152,386.002760887146
180,-2.471782922744751,-10.718125343322754,0.08792391419410706,388.1609790325165
181,3.03983473777771,-10.754048347473145,-0.14590813219547272,390.1278989315033
182,-0.3546938896179199,-10.685020446777344,-0.04112543910741806,392.29252314567566
183,0.35628682374954224,-10.567098617553711,-0.06356833875179291,394.4198319911957
184,-0.1229192316532135,-10.624139785766602,-0.020338265225291252,396.39831495285034
185,-1.446572184562683,-10.703106880187988,0.010407654568552971,398.6037628650665
186,-1.529037356376648,-10.737460136413574,0.023774858564138412,400.62340211868286
187,0.20396041870117188,-10.657155990600586,-0.047833189368247986,402.7431712150574
188,-1.2982853651046753,-10.553163528442383,0.004831044003367424,404.820109128952
189,-2.4299519062042236,-10.608400344848633,0.04774411395192146,407.0240058898926
190,-1.1746716499328613,-10.754983901977539,0.0004936233162879944,409.0380160808563
191,1.2849394083023071,-10.629741668701172,-0.07492292672395706,411.23838210105896
192,0.573009192943573,-10.590620994567871,-0.03933592140674591,413.2704939842224
193,1.895067811012268,-10.703573226928711,-0.09916520863771439,415.43871116638184
194,1.8942927122116089,-10.731466293334961,-0.11246640980243683,417.53892397880554
195,1.40015709400177,-10.596580505371094,-0.10813187807798386,419.6393349170685
196,3.3827834129333496,-10.508525848388672,-0.16653770208358765,421.7528340816498
197,3.535134792327881,-10.68619155883789,-0.18282994627952576,423.83695912361145
198,1.514937400817871,-10.443568229675293,-0.09847527742385864,425.96581506729126
199,1.1209168434143066,-10.604564666748047,-0.08572498708963394,427.98052883148193
200,0.9255681037902832,-10.59359073638916,-0.06242351979017258,430.1736960411072
201,2.6640007495880127,-10.543956756591797,-0.16287554800510406,432.30878591537476
202,0.7719558477401733,-10.65615177154541,-0.08150516450405121,434.4917471408844
203,-1.366412878036499,-10.596502304077148,-0.014414511620998383,436.54962682724
204,0.6439364552497864,-10.605941772460938,-0.055083226412534714,438.7660081386566
205,-0.4331006109714508,-10.533075332641602,-0.04292255640029907,440.92155504226685
206,-1.6288609504699707,-10.67576789855957,0.02680961787700653,443.0020840167999
207,2.4743285179138184,-10.447816848754883,-0.14515329897403717,445.1485571861267
208,-0.8906139731407166,-10.582113265991211,0.007351914420723915,447.1244192123413
209,-0.062341541051864624,-10.561492919921875,-0.041006021201610565,449.25010108947754
210,-1.9068485498428345,-10.525350570678711,0.04631011188030243,451.28329396247864
211,-0.5580958724021912,-10.579334259033203,-0.01873704046010971,453.40453720092773
212,-0.8658426403999329,-10.663908004760742,0.0016781184822320938,455.4558448791504
213,-4.593113422393799,-10.518741607666016,0.15045875310897827,457.59948801994324
214,-3.196376323699951,-10.594178199768066,0.08584469556808472,459.58290100097656
215,-1.7740405797958374,-10.590255737304688,0.05044717714190483,461.7122178077698
216,-0.9731332063674927,-10.447769165039062,0.00749027356505394,463.7212071418762
217,-2.653995990753174,-10.635250091552734,0.0809098333120346,465.8375360965729
218,-0.15475869178771973,-10.603839874267578,-0.02053254097700119,468.0098030567169
219,-2.7019543647766113,-10.701620101928711,0.07330779731273651,469.9799199104309
220,-1.3519670963287354,-10.63418960571289,0.007479250431060791,472.0466470718384
221,-0.5669297575950623,-10.555330276489258,-0.034953758120536804,474.07676792144775
222,1.0903738737106323,-10.414119720458984,-0.10016866773366928,476.19568705558777
223,-1.7531721591949463,-10.497052192687988,0.022359473630785942,478.19950699806213
224,-2.0314345359802246,-10.564336776733398,0.06484277546405792,480.36815214157104
225,-0.7168699502944946,-10.544607162475586,-0.00046035274863243103,482.37095308303833
226,-0.7822752594947815,-10.528348922729492,-0.0050700753927230835,484.4977159500122
227,0.6134060621261597,-10.609689712524414,-0.0760846808552742,486.67964696884155
228,-4.51177978515625,-10.79499340057373,0.13097217679023743,488.7987971305847
229,-3.21736478805542,-10.538983345031738,0.07812748104333878,490.9794280529022
230,-3.3385791778564453,-10.670181274414062,0.08195014297962189,493.0985538959503
231,-1.7183760404586792,-10.607183456420898,0.008809437975287437,495.33646297454834
232,-5.225411891937256,-10.531445503234863,0.1473318189382553,497.4016408920288
233,-0.8267178535461426,-10.56502914428711,-0.027170469984412193,499.59691190719604
234,4.8373122215271,-10.24734878540039,-0.23737314343452454,501.65320086479187
235,-1.4994404315948486,-10.602333068847656,0.005762021988630295,503.78223395347595
236,-0.3105098307132721,-10.542917251586914,-0.03552072495222092,505.8151822090149
237,2.930558919906616,-10.480045318603516,-0.14963048696517944,507.93131494522095
238,-0.12939578294754028,-10.501787185668945,-0.04176459461450577,509.91269612312317
239,-2.220512628555298,-10.528169631958008,0.07186385989189148,512.1055519580841
240,0.40837740898132324,-10.545404434204102,-0.03841047361493111,514.2383508682251
241,0.23519960045814514,-10.423370361328125,-0.03186117112636566,516.2516610622406
242,0.5633713006973267,-10.490045547485352,-0.06625732779502869,518.4229378700256
243,1.7497891187667847,-10.41347599029541,-0.11013917624950409,520.4552798271179
244,-0.31227171421051025,-10.409904479980469,-0.02904319390654564,522.600261926651
245,1.5882205963134766,-10.528277397155762,-0.10433769971132278,524.6669239997864
246,-0.18151366710662842,-10.412598609924316,-0.04566488415002823,526.8203799724579
247,0.6888796091079712,-10.299575805664062,-0.08104818314313889,528.799665927887
248,0.30347293615341187,-10.463554382324219,-0.07034320384263992,530.9878017902374
249,1.0180132389068604,-10.350973129272461,-0.08651480078697205,533.1394329071045
250,0.866539478302002,-10.426202774047852,-0.09679457545280457,535.1881349086761
251,1.561022400856018,-10.377607345581055,-0.10231038928031921,537.413959980011
252,0.5928009152412415,-10.385270118713379,-0.04276348650455475,539.4520781040192
253,0.54142165184021,-10.351224899291992,-0.06135271117091179,541.6621451377869
254,-2.398406982421875,-10.467977523803711,0.047638095915317535,543.7046048641205
255,0.047040507197380066,-10.310094833374023,-0.02728528529405594,545.857990026474
256,-0.5817485451698303,-10.359672546386719,0.002706862986087799,547.848375082016
257,-2.6143977642059326,-10.437932014465332,0.06694794446229935,549.9936521053314
258,-1.2972112894058228,-10.313106536865234,0.033758219331502914,552.0237150192261
259,1.966044306755066,-10.328359603881836,-0.10059025138616562,554.1687791347504
260,-1.2693227529525757,-10.416975975036621,0.0025203432887792587,556.239648103714
261,-0.28567707538604736,-10.364717483520508,-0.03191689774394035,558.4053900241852
262,0.4067515730857849,-10.405044555664062,-0.07176407426595688,560.5083420276642
263,-1.2230783700942993,-10.464877128601074,0.007019713521003723,562.5689580440521
264,1.4538300037384033,-10.323509216308594,-0.1095912978053093,564.6903119087219
265,-0.2830149531364441,-10.396660804748535,-0.03248751163482666,566.7269058227539
266,-1.7853834629058838,-10.43171501159668,0.03431202471256256,568.8435289859772
267,-0.035830140113830566,-10.3386812210083,-0.021792341023683548,570.8233730792999
268,-2.3649685382843018,-10.375886917114258,0.07106490433216095,572.8949530124664
269,1.1402429342269897,-10.189111709594727,-0.09889981150627136,574.9170019626617
270,-1.4528274536132812,-10.356382369995117,0.018565302714705467,576.9962601661682
271,-1.1558387279510498,-10.411735534667969,0.0058679357171058655,579.08593583107
272,-0.9867318272590637,-10.309380531311035,0.004304222762584686,581.1160340309143
273,-0.15906435251235962,-10.225723266601562,-0.033012934029102325,583.2543969154358
274,-0.7987127900123596,-10.35750961303711,-0.01873520016670227,585.2523319721222
275,-2.1309871673583984,-10.419075012207031,0.03407309204339981,587.392637014389
276,1.5870110988616943,-10.222843170166016,-0.12135451287031174,589.3881859779358
277,-4.003901958465576,-10.493879318237305,0.1067851334810257,591.4776298999786
278,-1.223584532737732,-10.326221466064453,-0.018407393246889114,593.5685288906097
279,-1.0759551525115967,-10.450323104858398,-0.009661506861448288,595.6718180179596
280,1.4731910228729248,-10.291372299194336,-0.1094796359539032,597.6360020637512
281,0.4689169228076935,-10.334249496459961,-0.05369054153561592,599.7689538002014
282,0.2239212989807129,-10.477327346801758,-0.0698898583650589,601.7358038425446
283,0.26548272371292114,-10.391412734985352,-0.051515355706214905,603.829423904419
284,2.754554033279419,-10.216695785522461,-0.15449616312980652,606.0501339435577
285,0.7554171085357666,-10.31411361694336,-0.0812513530254364,608.0589399337769
286,-0.2295469045639038,-10.332300186157227,-0.02862965501844883,610.1796770095825
287,2.2076663970947266,-10.239431381225586,-0.12451247870922089,612.2547779083252
288,-3.37457275390625,-10.439613342285156,0.10015854239463806,614.4570608139038
289,-4.564552307128906,-10.659069061279297,0.13538703322410583,616.5506629943848
290,-2.6861040592193604,-10.400459289550781,0.048985157161951065,618.713987827301
291,-1.1205251216888428,-10.368428230285645,0.006763622164726257,620.7182409763336
292,-0.7366136312484741,-10.377424240112305,-0.012894421815872192,622.803316116333
293,-0.18640616536140442,-10.408133506774902,-0.041544053703546524,624.9213099479675
294,1.0810925960540771,-10.356908798217773,-0.1017654687166214,626.9624600410461
295,1.1857649087905884,-10.201627731323242,-0.12014530599117279,629.1090660095215
296,-2.8505725860595703,-10.41944408416748,0.07717331498861313,631.1637260913849
297,0.5530800223350525,-10.295123100280762,-0.046070728451013565,633.291188955307
298,0.3938175141811371,-10.299365997314453,-0.04882162809371948,635.2808001041412
299,1.499473214149475,-10.24772834777832,-0.1152406856417656,637.4287180900574
300,-1.527600646018982,-10.454851150512695,-0.003282025456428528,639.4469320774078
301,0.45621612668037415,-10.319677352905273,-0.051299162209033966,641.6425070762634
302,-0.31443631649017334,-10.253595352172852,-0.0233587846159935,643.6951429843903
303,1.7374236583709717,-10.296285629272461,-0.1357477605342865,645.9076931476593
304,0.4189806580543518,-10.189108848571777,-0.07113326340913773,647.9464571475983
305,-2.323002815246582,-10.404740333557129,0.03847940266132355,650.1373300552368
306,-2.0870003700256348,-10.278084754943848,0.041705526411533356,652.2743418216705
307,-4.394067764282227,-10.275097846984863,0.13937515020370483,654.3058249950409
308,0.31976544857025146,-10.313222885131836,-0.03972737491130829,656.4173009395599
309,-2.9175033569335938,-10.37864875793457,0.09976597875356674,658.4158680438995
310,-0.6208279132843018,-10.371296882629395,-0.006894951686263084,660.5550470352173
311,1.2610472440719604,-10.342615127563477,-0.09979771077632904,662.5660529136658
312,0.6607300043106079,-10.365068435668945,-0.09103213250637054,664.7566959857941
313,-1.2183654308319092,-10.309225082397461,-0.003334213048219681,666.7808809280396
314,1.3247588872909546,-10.162040710449219,-0.10170559585094452,668.896821975708
315,-0.3056856691837311,-10.308666229248047,-0.039316751062870026,671.0469589233398
316,-0.22510278224945068,-10.211307525634766,-0.01379392296075821,673.0640571117401
317,-1.3701609373092651,-10.238075256347656,0.009242760017514229,675.1912288665771
318,-0.9687770009040833,-10.233959197998047,-0.004262283444404602,677.3366279602051
319,1.5572596788406372,-10.140998840332031,-0.10083620250225067,679.4605250358582
320,-2.779917001724243,-10.403070449829102,0.08901205658912659,681.4663848876953
321,-4.827639579772949,-10.258094787597656,0.1600494533777237,683.6881840229034
322,-2.1947617530822754,-10.24120807647705,0.041525498032569885,685.7607061862946
323,-0.1256532073020935,-10.209482192993164,-0.040972769260406494,687.9284880161285
324,-0.2677421569824219,-10.228235244750977,-0.012814538553357124,690.0043959617615
325,0.5429503321647644,-10.074403762817383,-0.06723770499229431,692.1444191932678
326,1.8166770935058594,-10.195005416870117,-0.115126833319664,694.2022879123688
327,1.2548251152038574,-10.221445083618164,-0.1081940308213234,696.3939709663391
328,-2.3359904289245605,-10.411900520324707,0.04270177334547043,698.5797891616821
329,2.3572776317596436,-10.255240440368652,-0.11989893764257431,700.5794801712036
330,0.3406684994697571,-10.38467025756836,-0.0625080019235611,702.7327449321747
331,-0.37821972370147705,-10.200787544250488,-0.020503496751189232,704.765557050705
332,1.4543551206588745,-10.186538696289062,-0.07774728536605835,706.8963170051575
333,-0.8438499569892883,-10.441326141357422,0.006684491410851479,709.0020730495453
334,0.8017904758453369,-10.359079360961914,-0.068626768887043,711.1343948841095
335,1.8595741987228394,-10.35031509399414,-0.11298602819442749,713.1314189434052
336,0.3339613676071167,-10.186521530151367,-0.04999779164791107,715.3260748386383
337,0.6733077764511108,-10.228082656860352,-0.0793110728263855,717.4692130088806
338,-0.14994649589061737,-10.210135459899902,-0.031207647174596786,719.5451331138611
339,-0.32719194889068604,-10.269315719604492,-0.041985802352428436,721.732458114624
340,-0.03767848014831543,-10.39700698852539,-0.041091009974479675,723.7421839237213
341,-2.8360087871551514,-10.271784782409668,0.04684668034315109,725.8277390003204
342,-0.025370806455612183,-10.340187072753906,-0.029080675914883614,727.9074518680573
343,0.5014873147010803,-10.29505729675293,-0.06841342896223068,730.0463769435883
344,-0.4423282742500305,-10.357621192932129,-0.021248748525977135,732.0669708251953
345,0.7262081503868103,-10.28174877166748,-0.07429134845733643,734.239578962326
346,-0.6052470803260803,-10.29043197631836,-0.005047231912612915,736.2777638435364
347,0.12306785583496094,-10.40915298461914,-0.04959895834326744,738.4728479385376
348,2.1270875930786133,-10.124022483825684,-0.13282737135887146,740.5388660430908
349,-0.16454386711120605,-10.065364837646484,-0.032344505190849304,742.6886358261108
350,0.1712268888950348,-10.226794242858887,-0.03314433991909027,744.8897957801819
351,-2.5907046794891357,-10.304290771484375,0.06877971440553665,746.9801709651947
352,-0.3215366005897522,-10.202346801757812,-0.041275836527347565,749.1549649238586
353,-0.5768418908119202,-10.227161407470703,-0.00887320563197136,751.22944688797
354,-0.972916841506958,-10.323318481445312,0.027136538177728653,753.3968949317932
355,-2.6901843547821045,-10.337820053100586,0.06805729866027832,755.4081101417542
356,-1.7980401515960693,-10.335027694702148,0.04354220628738403,757.5639319419861
357,-2.8417863845825195,-10.172199249267578,0.06410516798496246,759.6043090820312
358,0.02594514936208725,-10.148384094238281,-0.04813401401042938,761.7345931529999
359,-1.5078189373016357,-10.310617446899414,0.03571533411741257,763.8596460819244
360,-0.8842617273330688,-10.247749328613281,-0.00698435865342617,765.9383990764618
361,-3.3096327781677246,-10.210128784179688,0.1090918779373169,768.0745809078217
362,-1.4530649185180664,-10.269891738891602,0.031334489583969116,770.0708720684052
363,-1.9928830862045288,-10.230364799499512,0.0499030277132988,772.228823184967
364,-0.5942268371582031,-10.300745010375977,-0.022806083783507347,774.2374210357666
365,-1.544464349746704,-10.304512023925781,0.02726670913398266,776.3672671318054
366,1.5815163850784302,-10.191313743591309,-0.11190465092658997,778.3919508457184
367,-0.7988722324371338,-10.194419860839844,-0.012460647150874138,780.5339980125427
368,1.4446945190429688,-10.153610229492188,-0.08090312778949738,782.4949440956116
369,-0.3118168115615845,-10.22068977355957,-0.03572320193052292,784.6659259796143
370,-0.6741162538528442,-10.259142875671387,-0.003368901088833809,786.7168939113617
371,1.6907575130462646,-10.138700485229492,-0.11778358370065689,788.9062249660492
372,1.21964693069458,-10.211080551147461,-0.10042527318000793,791.1066470146179
373,1.9427990913391113,-10.079334259033203,-0.12068066000938416,793.1697340011597
374,0.20016372203826904,-10.195377349853516,-0.057259708642959595,795.3649129867554
375,0.4112517237663269,-10.154302597045898,-0.06814975291490555,797.3913118839264
376,1.732720136642456,-10.094304084777832,-0.12655296921730042,799.4921128749847
377,0.22002679109573364,-10.056051254272461,-0.07740706205368042,801.4743270874023
378,1.1714730262756348,-10.177518844604492,-0.0892399474978447,803.6636669635773
379,2.3756797313690186,-10.051416397094727,-0.14459280669689178,805.689747095108
380,-0.31216150522232056,-10.129566192626953,-0.0441211573779583,807.7758238315582
381,-1.2209973335266113,-10.216527938842773,-0.01594555377960205,809.9158339500427
382,1.499774694442749,-10.218867301940918,-0.10306316614151001,811.9165229797363
383,-1.0894012451171875,-10.210529327392578,-0.010995443910360336,814.033075094223
384,-1.2562801837921143,-10.260747909545898,0.00442904606461525,816.1155469417572
385,4.057335376739502,-9.970535278320312,-0.2540842294692993,818.2651419639587
386,-1.0418320894241333,-10.225578308105469,-0.003980707377195358,820.267608165741
387,-1.184944987297058,-10.278696060180664,0.009564809501171112,822.4415669441223
388,-1.5126053094863892,-10.152231216430664,0.008056176826357841,824.4857950210571
389,-1.4185752868652344,-10.27953815460205,-0.0011626631021499634,826.6470358371735
390,-3.173229217529297,-10.285528182983398,0.09254161268472672,828.668888092041
391,-0.8887668251991272,-10.290719032287598,0.007285682484507561,830.8261308670044
392,-2.008321762084961,-10.282146453857422,0.05131559073925018,832.8701589107513
393,-0.7697193026542664,-10.246891021728516,-0.016149384900927544,835.0054919719696
394,0.2795233726501465,-10.25161361694336,-0.06727896630764008,837.1204271316528
395,-0.8695419430732727,-10.061797142028809,-0.009499739855527878,839.1054470539093
396,-1.775370478630066,-10.29874324798584,0.05869102105498314,841.278030872345
397,-0.40181875228881836,-10.351282119750977,-0.04589299112558365,843.2905790805817
398,-1.2620034217834473,-10.161140441894531,0.025855116546154022,845.4045691490173
399,-2.6473779678344727,-10.18277359008789,0.10345227271318436,847.4803771972656
400,-1.6191234588623047,-10.253877639770508,0.016985923051834106,849.638720035553
401,-3.2522220611572266,-10.168135643005371,0.12035560607910156,851.6531331539154
402,-2.2048521041870117,-10.198974609375,0.07555919885635376,853.7850708961487
403,-1.6407281160354614,-10.408138275146484,0.05028829723596573,856.0495660305023
404,-2.504399299621582,-10.090668678283691,0.06796124577522278,858.0208959579468
405,-1.5945734977722168,-10.286018371582031,0.030787955969572067,860.207405090332
406,-0.8314799070358276,-10.041282653808594,0.005231272429227829,862.2572300434113
407,-1.5764305591583252,-10.176690101623535,0.044657718390226364,864.3611550331116
408,-2.4553351402282715,-10.27946949005127,0.03270494192838669,866.3643510341644
409,0.669560432434082,-10.125311851501465,-0.07500780373811722,868.4914910793304
410,-0.4949662685394287,-10.00619888305664,-0.01657499000430107,870.4739048480988
411,2.7200608253479004,-10.270193099975586,-0.1615585833787918,872.6131739616394
412,0.8544188141822815,-9.99540901184082,-0.10073356330394745,874.7046129703522
413,-0.9022524952888489,-10.17857551574707,0.0036841705441474915,876.783252954483
414,-0.2252093255519867,-10.07692813873291,-0.022957725450396538,878.7848510742188
415,0.6354351043701172,-10.066261291503906,-0.07074873894453049,880.9230651855469
416,-1.3645448684692383,-10.243069648742676,0.02132314443588257,883.0392220020294
417,2.652188301086426,-10.124313354492188,-0.1730760931968689,885.0620491504669
418,-1.0988273620605469,-10.179879188537598,0.010705720633268356,887.2166609764099
419,-0.5767537355422974,-10.264372825622559,-0.010674474760890007,889.2338480949402
420,0.8985342979431152,-10.197892189025879,-0.05655299127101898,891.3536241054535
421,0.1942930519580841,-10.183404922485352,-0.0623595267534256,893.37948179245
422,0.6703577041625977,-10.157471656799316,-0.10216884315013885,895.5915200710297
423,-1.907078742980957,-10.163741111755371,0.01791648007929325,897.6201322078705
424,-3.6494064331054688,-10.32984733581543,0.1285180300474167,899.7372369766235
425,-1.3230104446411133,-10.1733980178833,0.029876165091991425,901.8508281707764
426,-0.4578155279159546,-10.215078353881836,-0.009680192917585373,903.8787109851837
427,-1.5383800268173218,-10.193365097045898,0.045486703515052795,906.0123178958893
428,-1.7439537048339844,-10.057267189025879,0.026460062712430954,907.9695827960968
429,0.25604137778282166,-10.336207389831543,-0.03344431519508362,910.1322000026703
430,0.6829089522361755,-10.226373672485352,-0.07580780982971191,912.2130579948425
431,-0.2803220748901367,-10.248893737792969,-0.044534482061862946,914.3580739498138
432,-1.7190217971801758,-10.19034194946289,0.03428558260202408,916.4466331005096
433,-0.5195909738540649,-10.20138168334961,-0.03329307958483696,918.5945489406586
434,-2.5328803062438965,-10.2103910446167,0.07835859060287476,920.5924251079559
435,1.0815541744232178,-10.283279418945312,-0.09051405638456345,922.7565569877625
436,-2.007302761077881,-10.151437759399414,0.05621478706598282,924.76726603508
437,-1.8128143548965454,-10.198568344116211,0.05016002058982849,926.88924908638
438,-1.939669132232666,-10.1744966506958,0.06425035744905472,929.0331819057465
439,-0.959702730178833,-10.1257905960083,-0.005523676052689552,931.0703701972961
440,0.3734644055366516,-9.998271942138672,-0.07558009773492813,933.2153809070587
441,-0.13866187632083893,-10.089052200317383,-0.02369638904929161,935.2931888103485
442,-1.3566949367523193,-10.099054336547852,-0.022871561348438263,937.4406359195709
443,-1.401893973350525,-10.215555191040039,0.006471764296293259,939.530601978302
444,-1.3684396743774414,-10.279878616333008,0.018755050376057625,941.7979130744934
445,-2.316194534301758,-10.197649002075195,0.04176918417215347,943.8631420135498
446,-2.2330994606018066,-10.260066032409668,0.0487406887114048,946.0161201953888
447,-1.5642653703689575,-10.3331880569458,0.0049581341445446014,948.2271440029144
448,-1.5180583000183105,-10.211402893066406,0.02416578307747841,950.2860128879547
449,0.8436391353607178,-10.062074661254883,-0.08656546473503113,952.4743947982788
450,0.1730782687664032,-10.025824546813965,-0.05454997718334198,954.504891872406
451,-0.007868856191635132,-10.18008804321289,-0.030106229707598686,956.7559099197388
452,-0.07401180267333984,-10.108077049255371,-0.046329278498888016,958.7660369873047
453,-0.5592780709266663,-10.048315048217773,-0.015206977725028992,960.9116768836975
454,-2.026862859725952,-10.088940620422363,0.039299964904785156,963.1272280216217
455,-2.4166336059570312,-10.158044815063477,0.08276332169771194,965.3066561222076
456,-0.32172346115112305,-10.027523040771484,-0.040946442633867264,967.3176078796387
457,-1.1793313026428223,-10.253805160522461,0.01927950792014599,969.4552772045135
458,-0.18022578954696655,-10.299819946289062,-0.05649157613515854,971.4310867786407
459,-1.836186170578003,-10.00644302368164,0.01859777607023716,973.5914680957794
460,-0.08276993036270142,-10.064624786376953,-0.04471687227487564,975.779364824295
461,0.2561628818511963,-10.155593872070312,-0.05824381858110428,977.8780839443207
462,-0.5874085426330566,-10.132383346557617,-0.024230871349573135,980.0303900241852
463,1.2591941356658936,-9.909809112548828,-0.09244316816329956,982.0507509708405
464,-0.32840970158576965,-10.101042747497559,-0.013328619301319122,984.1736671924591
465,1.5392646789550781,-10.038822174072266,-0.11160584539175034,986.2230589389801
466,0.8995402455329895,-10.037549018859863,-0.09019134938716888,988.3423690795898
467,0.4342612028121948,-10.185823440551758,-0.06024358421564102,990.3179960250854
468,-0.7479557991027832,-9.970733642578125,0.0028002597391605377,992.4979150295258
469,-2.147641181945801,-10.108396530151367,0.05621699243783951,994.640438079834
470,0.20915591716766357,-10.16663932800293,-0.04380589723587036,996.6506769657135
471,0.4248584508895874,-10.020805358886719,-0.06371237337589264,998.8585460186005
472,-2.021165132522583,-10.0830078125,0.04383840411901474,1000.8688600063324
473,0.8717668652534485,-9.992687225341797,-0.06710484623908997,1002.9848830699921
474,1.5292980670928955,-10.042447090148926,-0.11618216335773468,1005.0339930057526
475,-1.0401990413665771,-10.063363075256348,0.01667349599301815,1007.1724128723145
476,-2.1780667304992676,-10.03476333618164,0.032088395208120346,1009.1743800640106
477,-3.254486083984375,-10.131941795349121,0.10176308453083038,1011.3904421329498
478,-0.5116214156150818,-10.154946327209473,-0.043937698006629944,1013.4526460170746
479,0.7828987240791321,-10.15035629272461,-0.08314554393291473,1015.5362839698792
480,-0.25383371114730835,-10.05484390258789,-0.02809278853237629,1017.5203359127045
481,-1.8417075872421265,-10.219989776611328,0.04220496863126755,1019.6454200744629
482,0.5226185917854309,-10.078354835510254,-0.05793769657611847,1021.7504918575287
483,1.718788743019104,-10.147970199584961,-0.11071060597896576,1023.788969039917
484,-2.924935817718506,-10.269586563110352,0.08723071217536926,1025.925509929657
485,0.9112344980239868,-9.996918678283691,-0.09569630771875381,1027.922667980194
486,-0.026378244161605835,-9.97907829284668,-0.017036303877830505,1030.06223487854
487,-1.7939465045928955,-9.981314659118652,0.02549314685165882,1032.0731980800629
488,1.246780514717102,-10.117194175720215,-0.09940844774246216,1034.1897459030151
489,2.1494393348693848,-10.123308181762695,-0.15694713592529297,1036.2295899391174
490,0.30001282691955566,-10.04865550994873,-0.07220382988452911,1038.3895061016083
491,0.8769026398658752,-10.061182022094727,-0.089381143450737,1040.4966170787811
492,-1.2626988887786865,-10.118268966674805,-0.0046331752091646194,1042.5784010887146
493,-0.04842555522918701,-10.185213088989258,-0.05702675133943558,1044.7411971092224
494,-1.0454710721969604,-10.019850730895996,0.012589212507009506,1046.762775182724
495,1.597267985343933,-9.930549621582031,-0.12543174624443054,1048.947849035263
496,0.31289929151535034,-10.237480163574219,-0.07116972655057907,1050.9707479476929
497,0.19951725006103516,-9.848106384277344,-0.06505851447582245,1053.1097600460052
498,-0.0446200966835022,-10.096599578857422,-0.044995177537202835,1055.1531240940094
499,0.466951847076416,-10.005197525024414,-0.08170465379953384,1057.2889521121979
500,0.2801206409931183,-10.214967727661133,-0.05472347140312195,1059.2954618930817
501,0.29257673025131226,-10.074211120605469,-0.06406524777412415,1061.446641921997
502,-2.2434420585632324,-10.163959503173828,0.03193054348230362,1063.4281589984894
503,-0.4277817904949188,-10.050559997558594,-0.02033422328531742,1065.6349830627441
504,-2.2591452598571777,-10.123384475708008,0.071143239736557,1067.7579860687256
505,1.044222116470337,-10.047666549682617,-0.09910017251968384,1069.7766950130463
506,-1.5874731540679932,-10.185476303100586,0.014608409255743027,1071.8833978176117
507,-1.3765792846679688,-10.038081169128418,0.013428673148155212,1073.9297080039978
508,1.288454532623291,-9.93188190460205,-0.10670000314712524,1076.0578649044037
509,0.0038690418004989624,-10.029404640197754,-0.05354053154587746,1078.0243918895721
510,-2.394979953765869,-10.001908302307129,0.0658433809876442,1080.1957099437714
511,1.324108362197876,-10.000083923339844,-0.11952952295541763,1082.2081480026245
512,-2.489346504211426,-10.111322402954102,0.053914956748485565,1084.2957439422607
513,-0.8604066371917725,-10.181053161621094,-0.027172796428203583,1086.4654650688171
514,0.8563687205314636,-10.05647087097168,-0.06950610876083374,1088.5124809741974
515,0.6510615348815918,-9.965545654296875,-0.07051003724336624,1090.6835877895355
516,-1.3324244022369385,-10.219862937927246,0.02750248834490776,1092.7568111419678
517,-2.683295726776123,-10.112607955932617,0.0760653018951416,1094.9531888961792
518,-1.7522268295288086,-10.20911979675293,0.024017246440052986,1096.9963450431824
519,-0.31036633253097534,-10.059401512145996,-0.03491128236055374,1099.205796957016
520,-1.6491525173187256,-10.199712753295898,0.01292913407087326,1101.234373807907
521,-1.1036014556884766,-10.151449203491211,0.0011835135519504547,1103.3915810585022
522,-2.0595571994781494,-10.139293670654297,0.048152849078178406,1105.447299003601
523,-0.3862832188606262,-10.103434562683105,-0.025982890278100967,1107.561269044876
524,0.28950560092926025,-10.059825897216797,-0.07463978976011276,1109.5008368492126
525,1.2618916034698486,-9.997777938842773,-0.09823162853717804,1111.6556119918823
526,0.2899671792984009,-9.9202880859375,-0.05048758536577225,1113.8010110855103
527,1.1090376377105713,-10.080650329589844,-0.12187070399522781,1115.7825169563293
528,0.8514255285263062,-10.022506713867188,-0.07617056369781494,1117.8703479766846
529,-1.6633375883102417,-10.015523910522461,0.02549075521528721,1119.9444518089294
530,-0.5410248637199402,-10.23695182800293,-0.015661707147955894,1122.0680770874023
531,-1.6846270561218262,-9.904052734375,0.042500510811805725,1124.109246969223
532,-0.23036280274391174,-10.058606147766113,-0.0370834618806839,1126.2276968955994
533,-2.7208473682403564,-10.106160163879395,0.0756148025393486,1128.1970429420471
534,-1.5418691635131836,-10.110784530639648,0.02657502330839634,1130.3234460353851
535,-4.370685577392578,-10.167214393615723,0.13989995419979095,1132.430115222931
536,0.3080359697341919,-9.957220077514648,-0.06359677761793137,1134.4331138134003
537,0.34114253520965576,-9.965948104858398,-0.05390717834234238,1136.5473401546478
538,-0.7946892976760864,-9.878450393676758,-0.017439423128962517,1138.5758819580078
539,-1.4934158325195312,-10.063518524169922,0.034667693078517914,1140.7150888442993
540,-2.2419965267181396,-10.110685348510742,0.0417240709066391,1142.7716748714447
541,-2.216083526611328,-10.058728218078613,0.06574014574289322,1144.919196844101
542,-2.3455562591552734,-10.054229736328125,0.06719230115413666,1146.8856341838837
543,0.4142560362815857,-9.988966941833496,-0.06287144124507904,1149.0369520187378
544,-2.307004928588867,-10.028219223022461,0.06531840562820435,1151.022453069687
545,1.0584502220153809,-9.907801628112793,-0.10538739711046219,1153.139310836792
546,0.25975313782691956,-9.994321823120117,-0.045036427676677704,1155.187922000885
547,-0.6122753620147705,-10.092845916748047,-0.032140277326107025,1157.37327003479
548,-1.0896434783935547,-10.098102569580078,0.008970892056822777,1159.4897480010986
549,0.2700788378715515,-9.99671745300293,-0.06915317475795746,1161.5359418392181
550,-1.34830641746521,-9.992895126342773,0.011453710496425629,1163.6595730781555
551,1.4392542839050293,-10.043675422668457,-0.11580115556716919,1165.643478155136
552,1.3049439191818237,-9.972969055175781,-0.10508613288402557,1167.7969009876251
553,-0.45831379294395447,-9.950240135192871,-0.026694320142269135,1169.8888001441956
554,-0.05768859386444092,-9.784939765930176,-0.04152468591928482,1172.0074889659882
555,-1.071340560913086,-10.027563095092773,0.023156121373176575,1174.0068600177765
556,-2.3069167137145996,-10.078372955322266,0.1027328222990036,1176.164628982544
557,0.5310120582580566,-10.12232780456543,-0.05759443715214729,1178.2928330898285
558,-2.0827367305755615,-10.011608123779297,0.06337905675172806,1180.342288017273
559,-2.2673721313476562,-10.056966781616211,0.08578620851039886,1182.5395247936249
560,0.14757229387760162,-10.097689628601074,-0.03973408043384552,1184.5545320510864
561,-2.754720449447632,-10.121829986572266,0.09815610945224762,1186.6985638141632
562,-0.6310693621635437,-9.947200775146484,0.0005814358592033386,1188.7171380519867
563,-1.6210132837295532,-10.019364356994629,0.027509653940796852,1190.8407921791077
564,-2.5452487468719482,-10.020794868469238,0.08510930836200714,1192.9142379760742
565,-0.2246043086051941,-9.945581436157227,-0.02717863768339157,1195.1002218723297
566,-1.1396269798278809,-10.06678581237793,0.02883833833038807,1197.1380519866943
567,-0.8476437926292419,-10.087779998779297,-0.008831577375531197,1199.3243680000305
568,-1.0345104932785034,-9.865947723388672,-0.007353048771619797,1201.3613860607147
569,-1.6332409381866455,-10.113906860351562,0.030443014577031136,1203.48681807518
570,0.31986820697784424,-10.114882469177246,-0.053168684244155884,1205.638526916504
571,-1.1411657333374023,-10.099569320678711,0.04258069396018982,1207.6520221233368
572,-3.1155478954315186,-10.038187980651855,0.11188586801290512,1209.762610912323
573,-0.9408383965492249,-10.019393920898438,0.01648094691336155,1211.8470678329468
574,-2.6633291244506836,-10.063702583312988,0.09123246371746063,1213.9656949043274
575,-1.5502240657806396,-10.06381893157959,0.035171881318092346,1215.9459021091461
576,-1.0359816551208496,-10.07667350769043,-0.0070240795612335205,1218.1061289310455
577,-1.3733247518539429,-10.13480281829834,0.032803311944007874,1220.1167149543762
578,0.3224985599517822,-10.035467147827148,-0.04660451412200928,1222.2624518871307
579,-1.2104936838150024,-9.956205368041992,0.015497950837016106,1224.4382238388062
580,-2.504887580871582,-10.253972053527832,0.09067311882972717,1226.5093460083008
581,-3.110032081604004,-10.092488288879395,0.07780417799949646,1228.666729927063
582,-1.4164154529571533,-10.02637767791748,0.033524997532367706,1230.7120699882507
583,-0.4845474064350128,-10.019466400146484,-0.003258921205997467,1232.8206369876862
584,-2.5521116256713867,-10.085317611694336,0.10167330503463745,1234.8711349964142
585,0.8142223954200745,-10.057074546813965,-0.08444653451442719,1237.030296087265
586,-1.9895402193069458,-10.15544319152832,0.0407213419675827,1239.0795640945435
587,-0.8100862503051758,-10.035663604736328,-0.008856778964400291,1241.1987330913544
588,-1.377792239189148,-9.866483688354492,0.03911914676427841,1243.2627329826355
589,-1.0054168701171875,-9.982301712036133,-0.03115183860063553,1245.3918220996857
590,-0.18207669258117676,-9.950237274169922,-0.01688445173203945,1247.420665025711
591,-0.7868109345436096,-9.997039794921875,-0.02487812750041485,1249.570795059204
592,-1.3286923170089722,-10.0482816696167,0.022757187485694885,1251.7389740943909
593,0.5039644837379456,-10.059406280517578,-0.06844064593315125,1253.7389011383057
594,0.36964285373687744,-10.127157211303711,-0.07735224813222885,1255.9159619808197
595,-0.43531906604766846,-10.070984840393066,-0.023356124758720398,1257.9497470855713
596,0.433714896440506,-10.026202201843262,-0.06292782723903656,1260.080936908722
597,-1.3135979175567627,-10.04738998413086,0.01147736981511116,1262.1144969463348
598,0.7642592191696167,-10.012685775756836,-0.07842151820659637,1264.2706470489502
599,0.6552056074142456,-9.900947570800781,-0.07887276262044907,1266.2774379253387
600,-1.6088175773620605,-10.014800071716309,0.05144548416137695,1268.422441959381
601,-2.3173108100891113,-10.033994674682617,0.09606824070215225,1270.6017532348633
602,-1.0603044033050537,-9.919656753540039,0.004482494667172432,1272.592849969864
603,-2.340690851211548,-10.087237358093262,0.08153101056814194,1274.749594926834
604,-0.1744142770767212,-9.97376537322998,-0.042119331657886505,1276.8152849674225
605,-0.5246784687042236,-10.003425598144531,-0.02436872012913227,1278.9249730110168
606,-1.1640233993530273,-9.92463207244873,0.0016942471265792847,1280.9873340129852
607,-0.8390111923217773,-10.036762237548828,0.017352290451526642,1283.0975549221039
608,-1.0900737047195435,-10.107034683227539,-0.004834340885281563,1285.124615907669
609,0.22094988822937012,-9.926124572753906,-0.05806857347488403,1287.3508849143982
610,-0.7437106370925903,-9.917762756347656,-0.009872358292341232,1289.369915008545
611,0.1486629843711853,-10.005997657775879,-0.08030249178409576,1291.56339097023
612,-1.4346727132797241,-10.077062606811523,0.049458589404821396,1293.5875730514526
613,1.4776842594146729,-9.800475120544434,-0.1381218135356903,1295.6965198516846
614,-1.5958919525146484,-10.0325927734375,0.037135131657123566,1297.8037738800049
615,0.21170267462730408,-10.03067398071289,-0.0534532330930233,1299.8416080474854
616,-0.6529154777526855,-9.861787796020508,-0.03559724986553192,1301.9845230579376
617,0.12367719411849976,-9.971492767333984,-0.027512846514582634,1303.9719109535217
618,-2.1437511444091797,-10.000239372253418,0.039438772946596146,1306.136549949646
619,-2.5413646697998047,-10.016681671142578,0.09780582040548325,1308.1550800800323
620,0.2966974079608917,-9.980208396911621,-0.036105357110500336,1310.2438559532166
621,-1.2945761680603027,-10.055150032043457,0.02174881286919117,1312.2701561450958
622,-1.4330928325653076,-9.929744720458984,-0.001885484904050827,1314.3503959178925
623,-1.974790334701538,-9.972246170043945,0.05579301714897156,1316.4637792110443
624,-3.1143624782562256,-9.934577941894531,0.12610791623592377,1318.5140018463135
625,-2.8073198795318604,-9.978882789611816,0.09046855568885803,1320.6816971302032
626,-2.1729142665863037,-10.080224990844727,0.06493853032588959,1322.6886050701141
627,-2.3881258964538574,-9.942171096801758,0.06751552224159241,1324.8335738182068
628,-2.3423728942871094,-10.045920372009277,0.062058836221694946,1326.9286489486694
629,-4.260291576385498,-10.229873657226562,0.1594332903623581,1329.0817921161652
630,-3.7942707538604736,-10.175577163696289,0.13596943020820618,1331.1112101078033
631,-2.0157570838928223,-10.215696334838867,0.02862495929002762,1333.2626280784607
632,-2.3172409534454346,-10.029279708862305,0.06501618027687073,1335.2436599731445
633,-2.179910659790039,-10.12518310546875,0.04781158268451691,1337.3893110752106
634,-1.5206393003463745,-9.984709739685059,0.013815684244036674,1339.4257769584656
635,-1.1592183113098145,-10.183479309082031,0.0073007456958293915,1341.499058008194
636,-1.5088006258010864,-9.922483444213867,0.002459220588207245,1343.6778891086578
637,-1.6043143272399902,-10.064603805541992,0.029820306226611137,1345.7053430080414
638,-0.08053633570671082,-9.99241828918457,-0.0642511248588562,1347.806694984436
639,0.6899414658546448,-9.892156600952148,-0.07147762924432755,1349.8471438884735
640,-0.18880002200603485,-10.10150146484375,-0.01713978871703148,1351.9820930957794
641,-0.49304547905921936,-10.067438125610352,-0.04047344624996185,1354.0268650054932
642,0.716733992099762,-10.085482597351074,-0.08235307037830353,1356.1674239635468
643,-1.594688057899475,-10.083498001098633,0.02353595197200775,1358.1605310440063
644,-0.6061420440673828,-9.913400650024414,-0.024449562653899193,1360.2421598434448
645,-2.8524880409240723,-10.036081314086914,0.09094900637865067,1362.3919758796692
646,0.4681524932384491,-9.970636367797852,-0.0757497102022171,1364.4027028083801
647,-1.0233383178710938,-9.979423522949219,0.016148941591382027,1366.5059249401093
648,-1.0387601852416992,-9.992868423461914,-0.002712184563279152,1368.5595870018005
649,-1.5208985805511475,-9.8699951171875,0.03093571774661541,1370.7325088977814
650,0.34830009937286377,-10.00881290435791,-0.06821079552173615,1372.7438337802887
651,-2.0141656398773193,-9.96884536743164,0.06696959584951401,1374.9244480133057
652,0.005514875054359436,-9.801887512207031,-0.06967940926551819,1376.9291200637817
653,-0.0371851772069931,-10.074649810791016,-0.03545491769909859,1379.116641998291
654,1.1806111335754395,-9.971227645874023,-0.10191191732883453,1381.1635630130768
655,1.0200769901275635,-9.97393798828125,-0.07847066223621368,1383.274304151535
656,0.1994640827178955,-9.87839126586914,-0.08037954568862915,1385.288409948349
657,0.09757551550865173,-9.847370147705078,-0.05295046046376228,1387.3790018558502
658,-1.2275066375732422,-10.027795791625977,0.02091084234416485,1389.5383019447327
659,-1.8210631608963013,-9.89892292022705,0.055759161710739136,1391.5308029651642
660,-0.7155411243438721,-10.062601089477539,-0.02619609795510769,1393.6243319511414
661,-0.07191327214241028,-10.05700397491455,-0.04472779482603073,1395.6425259113312
662,-0.5869566202163696,-9.886810302734375,-0.02913740649819374,1397.7856259346008
663,-1.1991748809814453,-9.931249618530273,0.0209816787391901,1399.8231298923492
664,-0.6433438062667847,-9.924291610717773,-0.008260652422904968,1401.9843389987946
665,1.136281132698059,-9.958918571472168,-0.10416658967733383,1403.9855349063873
666,-2.0186567306518555,-9.862568855285645,0.05359271168708801,1406.1221089363098
667,1.3159863948822021,-9.975797653198242,-0.0900912955403328,1408.2674958705902
668,-1.584706425666809,-10.001994132995605,0.011362511664628983,1410.3009128570557
669,0.32437506318092346,-9.878576278686523,-0.06358736753463745,1412.4345819950104
670,-0.1894649863243103,-9.88377857208252,-0.058400511741638184,1414.487755060196
671,-2.040079116821289,-10.035696983337402,0.06763576716184616,1416.5948128700256
672,0.1370159089565277,-9.862464904785156,-0.050347283482551575,1418.5376300811768
673,-0.624842643737793,-9.81797981262207,-0.02807459980249405,1420.6756238937378
674,-1.26790189743042,-9.939062118530273,-0.0042575933039188385,1422.6800220012665
675,-1.0044021606445312,-9.874338150024414,0.0020067021250724792,1424.7924780845642
676,-1.615584135055542,-10.19711685180664,-0.0002509653568267822,1426.8719618320465
677,-1.2591453790664673,-9.886899948120117,-0.00496794655919075,1429.0178499221802
678,-1.1739587783813477,-10.060247421264648,0.008886534720659256,1431.0312898159027
679,-1.5844292640686035,-10.0121488571167,0.027439648285508156,1433.1907510757446
680,-0.299142986536026,-10.051750183105469,-0.03713104873895645,1435.3989720344543
681,0.5904791355133057,-9.939563751220703,-0.08364902436733246,1437.4251039028168
682,-0.6848291158676147,-9.901084899902344,-0.0023091621696949005,1439.6011881828308
683,-1.8760067224502563,-9.930671691894531,0.027693551033735275,1441.6211531162262
684,-1.8537495136260986,-9.83808708190918,0.0502459816634655,1443.7204558849335
685,-1.1928737163543701,-10.015645980834961,0.028928589075803757,1445.7419888973236
686,-1.5899800062179565,-9.853388786315918,0.01441207155585289,1447.8870680332184
687,-0.9677398204803467,-10.073965072631836,0.015983400866389275,1449.8891987800598
688,-0.881246030330658,-9.964479446411133,-0.02058393880724907,1452.0507180690765
689,-2.7709193229675293,-9.998644828796387,0.08733110874891281,1454.219139099121
690,-0.4983442723751068,-9.890191078186035,-0.015415441244840622,1456.2455470561981
691,-0.951938271522522,-10.043899536132812,-0.0010234694927930832,1458.3750851154327
692,-2.9648351669311523,-10.094853401184082,0.10160299390554428,1460.3997659683228
693,-2.2485289573669434,-10.009639739990234,0.07038012146949768,1462.5534300804138
694,-3.935822010040283,-10.050604820251465,0.157115638256073,1464.5941598415375
695,-3.7977828979492188,-10.091917037963867,0.13973447680473328,1466.7444920539856
696,-2.0687308311462402,-10.170516014099121,0.07812003046274185,1468.7579500675201
697,-0.9591858983039856,-9.960564613342285,-0.016540097072720528,1470.940757036209
698,-3.0360898971557617,-10.211050987243652,0.11059756577014923,1472.995777130127
699,-2.157755136489868,-10.09599494934082,0.07643899321556091,1475.0920550823212
700,-0.7899097800254822,-10.052766799926758,-0.004120640456676483,1477.1437802314758
701,-1.7567510604858398,-10.101865768432617,0.0522477924823761,1479.3272960186005
702,-5.666871070861816,-10.153678894042969,0.2438964694738388,1481.4501168727875
703,-2.207987070083618,-9.958173751831055,0.0786685198545456,1483.5753819942474
704,-3.3184525966644287,-10.036657333374023,0.11452467739582062,1485.817151069641
705,-3.4954075813293457,-10.117520332336426,0.13372430205345154,1487.849702835083
706,-3.3260936737060547,-10.182764053344727,0.111020028591156,1490.0275530815125
707,-2.7938177585601807,-10.08482837677002,0.08777622878551483,1492.0285477638245
708,-0.7933112382888794,-9.930953979492188,-0.003830906003713608,1494.1854479312897
709,-1.866905927658081,-9.934325218200684,0.04817286878824234,1496.169420003891
710,0.31538647413253784,-9.92386245727539,-0.06770668923854828,1498.3444612026215
711,-0.26531392335891724,-10.019853591918945,-0.0447176992893219,1500.5026490688324
712,-3.553534984588623,-10.121978759765625,0.11906203627586365,1502.5251441001892
713,-0.23257851600646973,-9.863092422485352,-0.016512323170900345,1504.6977968215942
714,-0.5413775444030762,-9.92637825012207,-0.009852806106209755,1506.696217060089
715,-0.9975757002830505,-9.874370574951172,0.00674104131758213,1508.787497997284
716,-1.993540644645691,-9.96756362915039,0.05417506769299507,1510.855891942978
717,-2.703126907348633,-9.988616943359375,0.08448716253042221,1512.9687340259552
718,-0.8928074836730957,-9.970365524291992,0.004745975136756897,1514.9598979949951
719,-1.720170021057129,-10.034610748291016,0.03720603138208389,1517.1139059066772
720,-0.5979428291320801,-9.867695808410645,-0.01278868317604065,1519.1602139472961
721,-1.7568871974945068,-10.085227966308594,0.04772049933671951,1521.2630951404572
722,-0.324379026889801,-9.989160537719727,-0.017439933493733406,1523.295000076294
723,-0.1378195583820343,-9.917543411254883,-0.029741307720541954,1525.4449169635773
724,-0.9873877167701721,-9.998518943786621,-0.001454859972000122,1527.5482449531555
725,0.8438222408294678,-9.879142761230469,-0.08960652351379395,1529.5888531208038
726,-1.1172730922698975,-10.10678768157959,0.014932701364159584,1531.688029050827
727,0.5718034505844116,-9.931777954101562,-0.0739041268825531,1533.7081968784332
728,-1.4591259956359863,-10.101760864257812,0.01726274937391281,1535.9227650165558
729,-1.7542780637741089,-9.925201416015625,0.020414089784026146,1537.9173350334167
730,0.871675968170166,-9.8546781539917,-0.08466733247041702,1540.0536060333252
731,0.39038360118865967,-9.838626861572266,-0.07122477144002914,1542.1225228309631
732,-0.6967911720275879,-10.013532638549805,-0.02298067882657051,1544.291846036911
733,-0.2644881010055542,-9.987543106079102,-0.021273307502269745,1546.4399120807648
734,-0.1376705765724182,-9.896642684936523,-0.0460965670645237,1548.4908130168915
735,-1.3472107648849487,-9.919925689697266,0.042459435760974884,1550.60240483284
736,-1.3465006351470947,-10.022457122802734,-0.0027832984924316406,1552.6108391284943
737,1.3238097429275513,-9.92741584777832,-0.11877105385065079,1554.826546907425
738,-1.6247013807296753,-9.952312469482422,0.05055093392729759,1556.8802859783173
739,-2.7286691665649414,-9.891023635864258,0.09205830842256546,1559.0126860141754
740,-2.290527820587158,-9.876768112182617,0.07131903618574142,1561.0483667850494
741,-1.493199110031128,-9.941320419311523,0.05005614086985588,1563.213369846344
742,-1.2174263000488281,-10.01297378540039,0.01996944285929203,1565.2183849811554
743,-2.2370550632476807,-10.099333763122559,0.06830691546201706,1567.4121658802032
744,-3.3450276851654053,-10.06135082244873,0.12289290875196457,1569.4504268169403
745,-1.5172688961029053,-10.05186653137207,0.05084368586540222,1571.5957980155945
746,-2.5162477493286133,-10.071563720703125,0.08781106770038605,1573.763356924057
747,0.3973368704319,-9.810550689697266,-0.061656057834625244,1575.8091750144958
748,-0.056717634201049805,-10.100040435791016,-0.04269742965698242,1577.9313640594482
749,-0.9420850276947021,-9.911579132080078,-0.0034046247601509094,1580.0047180652618
750,-0.6891930103302002,-9.955639839172363,-0.03638727217912674,1582.211797952652
751,-0.39258110523223877,-9.954057693481445,-0.03581587225198746,1584.226800918579
752,-1.0008935928344727,-9.872575759887695,-0.0019870195537805557,1586.3904678821564
753,-0.9547812938690186,-10.026700019836426,0.006124764680862427,1588.4478778839111
754,-0.8915426731109619,-9.980361938476562,0.0014684665948152542,1590.5656352043152
755,-1.0509380102157593,-10.01259994506836,-0.013044783845543861,1592.6942710876465
756,-0.19964924454689026,-9.948606491088867,-0.03696799278259277,1594.7391397953033
757,0.13179552555084229,-9.84658432006836,-0.023440295830368996,1596.8929159641266
758,-1.036930799484253,-9.891778945922852,-0.00020460225641727448,1598.962541103363
759,-0.9380524754524231,-9.841814041137695,-0.006275791674852371,1601.11589717865
760,-1.9396246671676636,-9.95631217956543,0.0624234601855278,1603.1184420585632
761,0.16714221239089966,-9.808063507080078,-0.06737669557332993,1605.297245979309
762,-1.8289875984191895,-9.983652114868164,0.043427497148513794,1607.3364429473877
763,0.6410404443740845,-9.923182487487793,-0.08526545763015747,1609.4772081375122
764,-0.6150884628295898,-9.816287994384766,-0.019013186916708946,1611.4582509994507
765,-0.4713687300682068,-9.808725357055664,-0.01595252938568592,1613.6970760822296
766,-1.0446553230285645,-9.740108489990234,-0.0018836278468370438,1615.7136330604553
767,-0.30210140347480774,-9.950929641723633,-0.00841597281396389,1617.9069378376007
768,-1.5380858182907104,-9.931424140930176,0.037283770740032196,1620.034611940384
769,1.3138182163238525,-9.823819160461426,-0.11700329929590225,1621.999773979187
770,-0.6831225156784058,-9.881956100463867,-0.008298428729176521,1624.137139081955
771,-0.2439558506011963,-9.856016159057617,-0.007181109860539436,1626.1135108470917
772,-1.1049222946166992,-10.216804504394531,0.0075462572276592255,1628.2227818965912
773,1.097841739654541,-9.669435501098633,-0.09684859216213226,1630.2793159484863
774,0.14542953670024872,-9.822891235351562,-0.061368659138679504,1632.372163772583
775,-1.6796619892120361,-9.913818359375,0.041724130511283875,1634.3270659446716
776,-0.9569201469421387,-9.815204620361328,0.030752917751669884,1636.4654750823975
777,-1.1946594715118408,-9.935457229614258,0.019734427332878113,1638.598268032074
778,-0.4470430016517639,-9.87972354888916,-0.013048514723777771,1640.591565132141
779,-0.2565045952796936,-9.81737995147705,-0.03200099244713783,1642.7414889335632
780,-1.9227598905563354,-9.93597412109375,0.05247417464852333,1644.751032114029
781,-0.19641071557998657,-9.94149112701416,-0.03805942088365555,1646.8712258338928
782,1.0849024057388306,-9.761926651000977,-0.09792202711105347,1648.8909430503845
783,-1.303368091583252,-9.910650253295898,0.018875330686569214,1650.997013092041
784,-0.21331709623336792,-9.837871551513672,-0.03705526888370514,1652.9820079803467
785,0.20558416843414307,-10.032702445983887,-0.0537666380405426,1655.1371278762817
786,-0.35133621096611023,-9.827957153320312,-0.019885480403900146,1657.165432214737
787,-0.7632561922073364,-9.965850830078125,-0.012130318209528923,1659.319846868515
788,-2.0922110080718994,-10.036211013793945,0.04464869201183319,1661.3931999206543
789,-1.4107666015625,-9.944308280944824,0.032058581709861755,1663.5282640457153
790,-0.7551385164260864,-9.873188018798828,0.004811407998204231,1665.6642801761627
791,-0.40529608726501465,-9.72957992553711,-0.01380358636379242,1667.7091999053955
792,-1.4420769214630127,-10.01467514038086,0.03417211398482323,1669.8460879325867
793,0.6078839302062988,-9.84902572631836,-0.08018869161605835,1671.7947080135345
794,-1.317946195602417,-9.83346176147461,0.009329626336693764,1673.9755201339722
795,-0.8471704125404358,-9.926985740661621,-0.03098178468644619,1675.9860999584198
796,-1.2724263668060303,-9.829261779785156,0.006670866161584854,1678.0928871631622
797,-1.9989757537841797,-9.899112701416016,0.08256480097770691,1680.1351299285889
798,-1.1067278385162354,-9.86711311340332,-0.01165350154042244,1682.3100810050964
799,-2.343151569366455,-9.956602096557617,0.06371743232011795,1684.4465370178223
800,-1.3317662477493286,-9.911922454833984,0.014010079205036163,1686.5347661972046
801,-1.661816120147705,-9.912313461303711,0.037150248885154724,1688.7212800979614
802,-2.0744073390960693,-9.950075149536133,0.058025114238262177,1690.7613830566406
803,-3.528627872467041,-10.068788528442383,0.13118520379066467,1692.9737820625305
804,-1.72344172000885,-9.861525535583496,0.0409967377781868,1695.0436968803406
805,-1.3356057405471802,-9.903446197509766,0.025165991857647896,1697.19074010849
806,-1.7273011207580566,-9.914472579956055,0.04004397243261337,1699.1912410259247
807,-1.4759925603866577,-10.024354934692383,0.017446205019950867,1701.327952861786
808,-1.3356523513793945,-9.890630722045898,0.029224060475826263,1703.3055610656738
809,-2.052905559539795,-9.950587272644043,0.07149893045425415,1705.4886600971222
810,-1.8147492408752441,-9.872688293457031,0.06092885136604309,1707.4596700668335
811,-0.7432268857955933,-9.813421249389648,-0.003557685762643814,1709.572900056839
812,-0.7506146430969238,-9.935269355773926,-0.0063628219068050385,1711.6920981407166
813,-3.498483657836914,-9.971426963806152,0.1472465991973877,1713.6930949687958
814,-2.357480764389038,-10.046740531921387,0.12307941913604736,1715.7860989570618
815,-2.5981078147888184,-9.95954704284668,0.09978960454463959,1717.8182549476624
816,-0.593294084072113,-9.92763614654541,0.0055673010647296906,1719.9306609630585
817,-1.9950244426727295,-9.940223693847656,0.061941858381032944,1721.9346828460693
818,-2.9110770225524902,-9.933688163757324,0.10348863154649734,1724.1336369514465
819,-1.2428531646728516,-9.856298446655273,0.039045415818691254,1726.1276910305023
820,-1.210711121559143,-10.062786102294922,0.050993211567401886,1728.2152199745178
821,-0.608443558216095,-9.91614818572998,-0.023910043761134148,1730.3787789344788
822,-0.36422041058540344,-9.905416488647461,0.003236241638660431,1732.4135839939117
823,-1.5393569469451904,-10.006441116333008,0.04289856180548668,1734.5622520446777
824,0.4504038393497467,-9.808943748474121,-0.05930517613887787,1736.6323971748352
825,-0.0037602782249450684,-9.72735595703125,-0.03439023718237877,1738.787172794342
826,-0.44250380992889404,-9.947616577148438,-0.01986175775527954,1740.8101267814636
827,0.17391371726989746,-9.812328338623047,-0.046414121985435486,1742.9516320228577
828,-0.2363731861114502,-9.756285667419434,-0.039570778608322144,1745.0225200653076
829,-2.086081027984619,-10.010506629943848,0.0555390827357769,1747.2411139011383
830,-0.3002505600452423,-9.837299346923828,-0.03661190718412399,1749.256287097931
831,-2.6355438232421875,-9.95152759552002,0.08358236402273178,1751.4185869693756
832,-1.280282974243164,-9.971637725830078,0.03827880695462227,1753.4904749393463
833,-2.732259750366211,-9.933801651000977,0.08498793840408325,1755.6239008903503
834,-0.30082419514656067,-9.969194412231445,-0.020549312233924866,1757.79332613945
835,-0.3726741075515747,-9.850083351135254,-0.024772927165031433,1759.8510220050812
836,-1.5021463632583618,-10.039608001708984,0.03904426097869873,1761.9836249351501
837,-0.7215456962585449,-9.8431396484375,-0.0041310787200927734,1764.062894821167
838,-2.2153806686401367,-9.778529167175293,0.06622270494699478,1766.2304561138153
839,-2.076000213623047,-9.895841598510742,0.051728010177612305,1768.2425620555878
840,-1.8945984840393066,-9.827081680297852,0.055305518209934235,1770.4257640838623
841,-1.50527822971344,-10.014476776123047,0.05251222848892212,1772.4550609588623
842,-2.214003801345825,-9.920782089233398,0.059835098683834076,1774.6579999923706
843,-1.736309289932251,-10.006180763244629,0.05419693887233734,1776.8435430526733
844,-2.1448545455932617,-10.036090850830078,0.06794081628322601,1778.9242429733276
845,-0.5607197284698486,-9.878669738769531,-0.010212613269686699,1781.0679848194122
846,1.1413240432739258,-9.735871315002441,-0.08095894753932953,1783.134202003479
847,-1.541954755783081,-10.059144973754883,0.016693605110049248,1785.2747330665588
848,-2.2696151733398438,-10.043514251708984,0.06926916539669037,1787.3225259780884
849,-1.7182356119155884,-9.948894500732422,0.01466672308743,1789.4887619018555
850,-0.42447319626808167,-9.797172546386719,-0.00788043811917305,1791.5181770324707
